id,name,email,campaign_id,account_id
3ee0e03a-4de6-44c6-af13-7a9891e44ab5,Kevin Mills,james53@example.com,145d1508-968a-484a-942a-a99dd21673f7,19ff7858-6cac-4055-b288-7efbad240683
28756a05-c510-4017-868e-ec6b37c6b481,Victoria Valdez,contrerasangela@example.net,2d7bd704-886f-41b3-ad7a-e21a076092d6,8fac480e-0c0f-430e-9247-1905bd774843
c9f17de4-4d55-4dfd-a1b9-228630317ec5,Tammy Allison,richardolson@example.com,8dbcf5a7-5468-4a31-b6c9-9ede477358a6,b9b6121e-a757-4082-9f33-ce6dcc3d5f99
a836d4d7-9d14-4832-b8c3-2e23e0327286,Victoria Garcia,zchandler@example.org,5722ee80-849b-432e-b2ce-4e2b13e7791c,19ff7858-6cac-4055-b288-7efbad240683
46825fc2-c1ad-4d5c-ad2d-95af1cb861b9,Lisa Brandt,jenniferross@example.net,145d1508-968a-484a-942a-a99dd21673f7,30b6f6d1-e2e6-41c3-a3b3-4fafbdfbec84
0717a372-7f41-422c-9336-e9cf66975be0,Cynthia Wilson,bethwilliams@example.org,2ccc6bf5-4ca5-4cc8-8982-59528d33a652,808ff014-3841-483a-9ae1-7bfdac9a7a2d
873aa948-19b7-465f-b2a9-158927b8a189,Sherry Wood,samueldaniels@example.com,7a78de63-349b-4529-8711-ab7e5ad19949,26a4d3b8-8e9f-4fea-8aa8-613327d10684
96d5cb94-1de4-40c6-b152-59ee0567a637,Angela Morton,williamsyvette@example.org,2d7bd704-886f-41b3-ad7a-e21a076092d6,26a4d3b8-8e9f-4fea-8aa8-613327d10684
b16aaa15-e050-4a55-9b7c-d6830e92c472,Kristine Garcia,williamanderson@example.com,8dbcf5a7-5468-4a31-b6c9-9ede477358a6,808ff014-3841-483a-9ae1-7bfdac9a7a2d
65ee7460-6d90-4362-8c01-c93274c5ba88,Jessica Holmes,wrightcaleb@example.org,2d7bd704-886f-41b3-ad7a-e21a076092d6,26a4d3b8-8e9f-4fea-8aa8-613327d10684
80ae32f7-05d0-4fab-8b56-a191a1e607b3,Mark Lynch,nathanielmartin@example.net,8dbcf5a7-5468-4a31-b6c9-9ede477358a6,b9b6121e-a757-4082-9f33-ce6dcc3d5f99
011b21ab-852c-4189-9124-d94a33791aff,Brent Jordan,ujenkins@example.org,1fac29c1-31f0-45ec-9b15-3ae853bb1901,26a4d3b8-8e9f-4fea-8aa8-613327d10684
1ab6e7d4-ce24-4172-abd2-d697740d9b92,Kim Brown,yorkcasey@example.org,5722ee80-849b-432e-b2ce-4e2b13e7791c,30b6f6d1-e2e6-41c3-a3b3-4fafbdfbec84
bc14fac9-e07a-4fd2-91bd-a2f890a09f41,Kyle Mcdonald,tasha01@example.net,18f2aa65-e4ce-4271-92bc-e57e88457b92,0f87c187-f62a-4318-8af6-afa1e0d5f45a
b5cc2552-757f-422f-a5a9-ed279b3d77cd,Kim Martinez,karroyo@example.com,7a78de63-349b-4529-8711-ab7e5ad19949,808ff014-3841-483a-9ae1-7bfdac9a7a2d
c6154df1-9f31-4f53-b329-dc879ae88d8e,Nathan Cortez,williamrodriguez@example.net,1fac29c1-31f0-45ec-9b15-3ae853bb1901,19ff7858-6cac-4055-b288-7efbad240683
87a9b338-8c7c-4cd4-9cf4-99f3b21a08b2,Connor West,dwhite@example.org,2d7bd704-886f-41b3-ad7a-e21a076092d6,8fac480e-0c0f-430e-9247-1905bd774843
bc02cd30-06bd-4d69-aad8-39fba4523133,Shannon Jones,joshuawashington@example.net,18f2aa65-e4ce-4271-92bc-e57e88457b92,19ff7858-6cac-4055-b288-7efbad240683
ffc37c29-caa5-4221-986c-46a974e6bb37,Carmen Smith,ybaker@example.com,2ccc6bf5-4ca5-4cc8-8982-59528d33a652,0f87c187-f62a-4318-8af6-afa1e0d5f45a
ec68f691-918a-47c5-b0e3-f0b2d3c0f4b5,Linda Burns,hickmannatasha@example.com,2ccc6bf5-4ca5-4cc8-8982-59528d33a652,808ff014-3841-483a-9ae1-7bfdac9a7a2d
867c36fe-12b4-4667-876b-9bbda3655735,Michael Evans,sarah10@example.com,2ccc6bf5-4ca5-4cc8-8982-59528d33a652,ddec7679-b100-471d-ab78-f2e3193e2e21
128bf879-5593-4bf5-82d9-2b7d158be0ad,Nicole Mack,daniel62@example.com,2d7bd704-886f-41b3-ad7a-e21a076092d6,d5aed5f3-7920-41fd-9e36-70971b7de8e8
60398ef1-f6e2-450b-9558-f6d0a1e9b826,Timothy Duncan,esanchez@example.com,18f2aa65-e4ce-4271-92bc-e57e88457b92,0f87c187-f62a-4318-8af6-afa1e0d5f45a
77739765-1ea7-4fd5-b786-21eb711c5e9d,Lauren Daniels,brian97@example.net,8dbcf5a7-5468-4a31-b6c9-9ede477358a6,8fac480e-0c0f-430e-9247-1905bd774843
9c8e6cf1-46db-4df2-8e7b-387b4ed465eb,Crystal Robinson,zimmermanbrian@example.org,2ccc6bf5-4ca5-4cc8-8982-59528d33a652,b9b6121e-a757-4082-9f33-ce6dcc3d5f99
74211e74-aac2-4311-bd09-7c97cc042668,Shawn Baker,newtoneric@example.com,5722ee80-849b-432e-b2ce-4e2b13e7791c,19ff7858-6cac-4055-b288-7efbad240683
e9e9298c-a0b9-4409-96aa-5454c8f0cfef,Michelle Harris,william40@example.org,5722ee80-849b-432e-b2ce-4e2b13e7791c,d5aed5f3-7920-41fd-9e36-70971b7de8e8
49137e92-637a-48d7-8c4c-42f3142fedbd,Michael Cross,smoore@example.org,5722ee80-849b-432e-b2ce-4e2b13e7791c,d5aed5f3-7920-41fd-9e36-70971b7de8e8
195ebbed-09ba-4cdd-9576-96a5e3823af3,David Bradley,millertodd@example.org,5722ee80-849b-432e-b2ce-4e2b13e7791c,0f87c187-f62a-4318-8af6-afa1e0d5f45a
811563d2-73bf-431e-a4ab-e8e686df0c13,Shannon Hernandez,laurahenderson@example.org,7a78de63-349b-4529-8711-ab7e5ad19949,b9b6121e-a757-4082-9f33-ce6dcc3d5f99
